admin,address
南投縣,南投市復興路478號
南投縣,埔里鎮愛蘭里鐵山路1號
南投縣,埔里鎮蜈蚣里榮光路1號
南投縣,竹山鎮集山路二段75號
南投縣,草屯鎮太平路一段200號
南投縣,南投市中興路870號
南投縣,草屯鎮虎山路915號
南投縣,竹山鎮集山路三段272巷16號
南投縣,南投市民族路280號
南投縣,南投市集賢路34號
南投縣,南投市南崗二路298號
南投縣,南投市民族路300號
南投縣,南投市中山街14巷13號
南投縣,南投市中學西路85號
南投縣,南投市南陽路475號
南投縣,埔里鎮中正路563號
南投縣,埔里鎮南昌街160號
南投縣,埔里鎮中正路431號
南投縣,埔里鎮忠孝路329號
南投縣,埔里鎮中山路二段262號
南投縣,埔里鎮南昌街221號
南投縣,埔里鎮中山路三段100號
南投縣,埔里鎮忠孝路300號
南投縣,埔里鎮中正路408號
南投縣,埔里鎮西安路1段80號
南投縣,埔里鎮中正路464號
南投縣,埔里鎮中山路二段355號
南投縣,草屯鎮中正路608號
南投縣,草屯鎮太平路二段228號
南投縣,草屯鎮虎山路786號
南投縣,草屯鎮虎山路746號
南投縣,草屯鎮碧山南路13號
南投縣,草屯鎮育英街101號
南投縣,草屯鎮太平路二段95號
南投縣,草屯鎮富寮里富昌路2-1號
南投縣,草屯鎮中正路626號
南投縣,草屯鎮和興三街24號
南投縣,草屯鎮中山街36號
南投縣,草屯鎮虎山路736號
南投縣,集集鎮民生路234號
南投縣,竹山鎮集山路三段879號
南投縣,名間鄉南雅街124號
南投縣,水里鄉民生路201、203號
南投縣,水里鄉中正路18號
南投縣,水里鄉民權路230&232號
南投縣,仁愛鄉大同村五福巷17號
南投縣,信義鄉明德村玉山路45號
南投縣,水里鄉博愛路205號
南投縣,國姓鄉國民村民族街42號
南投縣,魚池鄉魚池街194號
南投縣,中寮鄉永平村永昌街102號
南投縣,鹿谷鄉中正路二段20號
南投縣,名間鄉中正村彰南路42號
南投縣,集集鎮民生路106號
南投縣,竹山鎮雲林里公所路126號
南投縣,草屯鎮草溪路882巷7號
南投縣,埔里鎮中山路二段256號
南投縣,南投市三和里三和一路13號